user_id,following_user_id,following_name,following_username
35936474,1159492947055972353,Austin,Amalk04
35936474,42330201,Rae üß°üíöüíõ,Mixed_Girl_5
35936474,1491845999769313288,Dreüêç,SirWaveyForever
35936474,314630666,Leonard Ellerbe,LEllerbe
35936474,44771048,Ron Conway,RonConway
35936474,1405907061460901892,Ballsack Sports ¬Æ Ó®Ä,BallsackSports
35936474,728007753483030528,Jason Timpf,_JasonLT
35936474,954738252405268482,Chris Beals,chrisbeals
35936474,974676150092947457,Dapper Labs,dapperlabs
35936474,1154808173674389505,NBA Top Shot,nbatopshot
35936474,753345079297781760,Jersey Wolfenbarger,JerseyWolf4
35936474,608353505,empress palpatine,kaiadrsmi
35936474,1831831,Dieter Kurtenbach,dieter
35936474,3165563219,Ja Morant,JaMorant
35936474,1436706054,Stashed SF,theSTASHED
35936474,174533632,Dez Bryant,DezBryant
35936474,486176798,Reggie Jackson,mroctober
35936474,21700934,Weedmaps,weedmaps
35936474,19166504,Steve Noah,Steve_OS
35936474,2889305749,NYSL Swish,Swishem
35936474,189183100,Stalley üíôüèÅ,Stalley
35936474,136107849,sun,isaiahrashad
35936474,122261841,Marcus Stroman,STR0
35936474,879883369580023808,No Layups (Najee Simons),NoLayups_
35936474,1009934760,Sabrina Ionescu,sabrina_i20
35936474,2395783948,Gerald,GB_TheProphet
35936474,22066555,Jeff Goodman,GoodmanHoops
35936474,1245657768,Mike James,TheNatural_05
35936474,1116471293082124288,Just Women‚Äôs Sports,justwsports
35936474,486955518,thebe kgositsile,earlxsweat
35936474,119135103,Tiago Splitter,tiagosplitter
35936474,524890156,Alize Johnson,AlizeJohnson
35936474,846696258987274240,Team Durant Girls,teamdurantgirls
35936474,16501022,sarah flynn,flynnwaslike
35936474,1105942603156066304,Talkin‚Äô Nets,TalkinNets
35936474,236122358,Ulric Maligiüá∏üá±üá∫üá∏,Coach_Maligi
35936474,412515525,Breiden Fehoko,breidenfehoko4
35936474,1285848878001029121,Townsend Gaming,TownsendGaming3
35936474,3108420433,NorthGaming,NorthGamingYT
35936474,3466841966,Travonne Edwards (travonne.eth),Travonne
35936474,1122713320086220803,NYSL,Subliners
35936474,1117976311681699841,NYXL,NYXL
35936474,64571585,THE VOICE,lildurk
35936474,954784644,Maxisnicee,maxisnicee
35936474,1339604234430414853,Boardroom Breakers,broombreakers
35936474,62587361,David Aldridge,davidaldridgedc
35936474,1052986430274846720,The Durant Center,DurantCenter
35936474,6446742,UFC,ufc
35936474,182662505,KAMARU USMAN,USMAN84kg
35936474,22893600,Derek ‚ÄòMixedByAli‚Äô Ali,MixedByAli
35936474,1131739027,Joseph Montana,JoeMontana
35936474,25160675,The Sports Bear,davdavies
35936474,105499378,Israel Adesanya,stylebender
35936474,39764121,NetsDaily,NetsDaily
35936474,249016488,Gary Sheffield Jr.,GarysheffieldJr
35936474,1309156550364233728,Boardroom Podcast Network,boardroompods
35936474,1079825420,Su York,SuYork_1023
35936474,402635280,Lu - HSV Derbysieger!!!,LuMpenza1887
35936474,17751495,Justin Tinsley,JustinTinsley
35936474,317274888,Jason Wright,whoisjwright
35936474,862984853511446528,stimmy turner,cantstopdagod44
35936474,346885598,.,Kttrawick33
35936474,204633296,Ry,JustRyCole
35936474,3191139536,jlacy,Jlacy14_
35936474,327745220,Deuce,DeuceThomas
35936474,1277073746499641344,?,StillAintJokes
35936474,2415313122,JT üë®üèΩ‚Äçüíª,JTaylorTech_
35936474,1559701963,Verone McKinley III,vmckinley3
35936474,433936000,Allonzo Trier,ISO_ZO
35936474,2764441784,"""KB""",z3us_7
35936474,101685135,tony parker,tonyparker32
35936474,1628154318,Mario Anthony,MarioAnthony__
35936474,253254312,Pierce Simpson,PierceSimpson
35936474,221263585,BEAN üèÅüèÅüèÅ,MGRADS
35936474,262512142,Barflaan Tedoe üá±üá∑,The_Barftender
35936474,147200911,Drew,DOPEITSDREW
35936474,768574405886771200,500 üèé,Kameron_Hay
35936474,23725040,Coach Jay,MANDALAY_JAY
35936474,1007506423,Kendrick Perkins,KendrickPerkins
35936474,1544070606,Tarik Cohen,TarikCohen
35936474,1107626868,Logan Murdock,loganmmurdock
35936474,1177731299219509250,Colb,___Colb___
35936474,892394255699857409,Tyler Cook,iamtc25
35936474,1394754367,Nathan (No Sources),nathenmikeuxl
35936474,285905952,The Anonymous Nobody,el_budget
35936474,19132540,Ahmedüá∏üá¥/A Depressed Lakers Fan,big_business_
35936474,3277891994,Josiah Johnson,KingJosiah54
35936474,3627587776,SR,Strey00
35936474,803455525,Michael Olie,iMikeOlie
35936474,298389981,year 20,johnrivers131
35936474,233392602,Reese Holliday,TMCvision
35936474,155680276,ü•∑üèæ,ogmez_
35936474,27715364,.,OhThatMarco
35936474,1619215711,trevor trout,totaltroutmove
35936474,107566941,biggz cares if don‚Äôt nobody else care.,BiggaBoss_Biggz
35936474,28331519,Bow Wow,smoss
35936474,257747938,Josh Eberley üá®üá¶,JoshEberley
35936474,47036963,Mike Ryan (Ruiz) ‚≠êÔ∏è‚≠êÔ∏è,MichaelRyanRuiz
35936474,187275647,Respectfully Justin,JustinLaboy
35936474,34545119,Brutus Maximus (Raw Side Hip Hop),BrutusMax1mus
50811932,416814339,Joel ‚ÄúTroel‚Äù Embiid,JoelEmbiid
50811932,16201775,x - Philadelphia 76ers,sixers
50811932,1445650784,Cash App,CashApp
50811932,245172411,Maddi Mobley,mmobley
50811932,1425979946263105548,XELA MEDIA,xela_media_llc
50811932,2754030672,Therabody,therabody
50811932,317370751,A11Even,KyrieIrving
50811932,2413645688,Scoot,Kevinporterjr
50811932,4202878276,Michael Rubin,michaelrubin
50811932,34442404,Sony,Sony
50811932,2922437526,Pura,pura
50811932,1321482753980944386,ThirteenHOU,ThirteenHOU
50811932,20177956,Allen Iverson,alleniverson
50811932,29403387,Michael B. Jordan,michaelb4jordan
50811932,25319414,NBA TV,NBATV
50811932,119509520,Chris Brown,chrisbrown
50811932,372040282,MOZZY,MozzyThaMotive
50811932,1628700679,Michael Thomas,Cantguardmike
50811932,137245038,Shepp,JAY_SHEPP
50811932,37212795,Blxst,BLXST
50811932,746424971837116416,Bino Rideaux,BinoRideaux
50811932,46769281,Gucci Mane,gucci1017
50811932,2321821272,Josh(ua) Christopher,Jaygup23
50811932,707549284,Gopuff,gopuff
50811932,135923526,Kenneth Wynn,KennethWynn_
50811932,22341233,DANIEL PATRICK,danielpatrick_
50811932,135019364,TRAVIS SCOTT,trvisXX
50811932,788759365859835906,WUNNA,1GunnaGunna
50811932,3298260008,Roddy Ricch,RoddyRicch
50811932,816412233488015360,Lil Baby,lilbaby4PF
50811932,238763290,Young Thug  „Å≤,youngthug
50811932,20348431,adidas Originals,adidasoriginals
50811932,31239408,BEYONC√â,Beyonce
50811932,1051879949513179137,üèÄ #NBAKicks üëü,NBAKicks
50811932,126383762,NBA Cares,nbacares
50811932,33995409,DWade,DwyaneWade
50811932,1162963896845709312,3thehardenway,_3thehardenway
50811932,14235279,Houston Dynamo FC,HoustonDynamo
50811932,34052723,Sun Devil WBB,SunDevilWBB
50811932,830118645909090304,teamhardenaau,teamhardenaau
50811932,916001056290512896,Art of Sport,ArtofSport
50811932,1059194370,Kobe Bryant,kobebryant
50811932,774109509815906305,FEAR NONE FADE ALL ü¶Ö,JemarcusHolt
50811932,3133705747,Clay Baldwin·∂æ,_ClayB3
50811932,3237109345,deuce,deuceguidry
50811932,40519997,Chad Johnson,ochocinco
50811932,300114634,adidas,adidas
50811932,150490233,Stance,stance
50811932,1713620101,Stance Hoops,stancehoops
50811932,145107843,Mike Trout,MikeTrout
50811932,349488349,A.,wontonsoup_
50811932,64643728,Thomas Robinson,Trobinson0
50811932,16000632,New Era Cap,NewEraCap
50811932,23097014,CHASE.,ChaseNCashe
50811932,133338415,Isaiah Canaan,SiP03
50811932,340596866,BODYARMOR,DrinkBODYARMOR
50811932,244727125,Navorro Bowman,NBowman53
50811932,20320080,TeeFLii,teeflii
50811932,17696167,Ludacris,Ludacris
50811932,74810198,"Idan A. Ravin Esq, MSc, CSCS",IdanWan
50811932,1346180581,PARTYNEXTDOOR,partynextdoor
50811932,229636313,DONDR√â T. WHITFIELD,DondreWhitfield
50811932,92337777,Patrick Beverley,patbev21
50811932,27195114,Drizzy,Drake
50811932,1414123988,Antwi Atuahene,TheRealTwee23
50811932,200627773,·¥á·¥ç·¥Ä…¥…¥ è,emannymusic
50811932,20014673,MAL,MAL___
50811932,26411935,Lil Keith,lilkeith
50811932,25398075,Terrence J,TerrenceJ
50811932,17169320,COMMON,common
50811932,225539878,Michael Phelps,MichaelPhelps
50811932,25389599,Adrian Peterson,AdrianPeterson
50811932,149726145,Yung R√©nz√©l üëë,RickRoss
50811932,28692568,Shaun Phillips,ShaunPhillips95
50811932,131948686,JJ Watt,JJWatt
50811932,16175507,Daryl MorŒûy üóΩüèÄ,dmorey
50811932,17915334,Sean Don,BigSean
50811932,89787221,GT Captain,Tsu_Surf
50811932,231573868,T.J. Yates,TJ_Yates
50811932,89512304,Doug Tammaro,DougTammaro
50811932,140297721,Gregory Smith,Ju_Smith4
50811932,106246985,Patrick Willis,PatrickWillis52
50811932,267425142,Damian Lillard,Dame_Lillard
50811932,143203547,Marcus Morris,MookMorris2
50811932,132708764,Chandler Parsons,ChandlerParsons
50811932,19743731,Alfredo Flores,AlfredoFlores
50811932,170424259,Jeremy Lin,JLin7
50811932,19077044,Houston Rockets,HoustonRockets
50811932,213573604,Jeanette Pohlen,JFP32
50811932,148549860,Briann January,BriannJanuary
50811932,18655130,desi dollas,desidollas
50811932,51274015,Money Mone,seimoneaugustus
50811932,309516587,Jrue Holiday,Jrue_Holiday11
50811932,39676694,Seth Curry,sdotcurry
50811932,784788049,-,HenyVBaby
50811932,37922674,solomon hill,solohill
50811932,607374056,Terrance Williams,TerranceWill2
50811932,111087027,Real_Is_Rare_Sports,makkoronni
50811932,18610936,BunB.eth,BunBTrillOG
50811932,22123525,Elle Varner ‚ö°Ô∏è,ellevarner
35982046,293615811,Eric Braverman,eric_braverman
35982046,935152012576067585,Schmidt Futures,SchmidtFutures
35982046,158414847,The Daily Show,TheDailyShow
35982046,3151983290,Colin Walsh,varo_colin
35982046,4795667239,Varo,VaroBank
35982046,153307097,Bradley Beal,RealDealBeal23
35982046,14992591,Washington Wizards,WashWizards
35982046,476040590,Stanley Nelson,StanleyNelson1
35982046,2903417167,Heal,HealApp
35982046,2570253864,Mayor's Fund for Los Angeles,MayorsFundLA
35982046,19077044,Houston Rockets,HoustonRockets
35982046,1407845240,Angela Guzman,Angela_M_Guzman
35982046,1212785413,Jonas,The_Bake23
35982046,958811415904579585,Why Not,teamwhynot
35982046,165152266,Andre Roberson,FlyDre21
35982046,28054681,T-Pain,TPAIN
35982046,758116666332942338,Noah,__Rajaa
35982046,134985071,Golden Tate,ShowtimeTate
35982046,922930773501493248,Jordin Canada ‚ú®,jordin_canada
35982046,309438486,Tronüáµüá∑,Tron_DaChosen1
35982046,18286505,HYPEBEAST,HYPEBEAST
35982046,3242495944,Caleb McLaughlin,calebmclaughlin
35982046,110610806,Wesley Snipes,wesleysnipes
35982046,24757830,tumitravel,tumitravel
35982046,913510746255794178,Honor The Gift,honorthegiftco
35982046,47720230,Jeff Gordon,JeffGordonWeb
35982046,26553086,Michael Strahan,michaelstrahan
35982046,22650211,Good Morning America,GMA
35982046,123448219,Marty Wilson,MartyWilson4
35982046,52242522,JALON WILSON,jalonlwilson
35982046,846689454,Lenny Hatchett,CoachHatchett
35982046,50323173,Adrian Wojnarowski,wojespn
35982046,3282859598,Twitter Creators,TwitterCreators
35982046,18228898,John Legend,johnlegend
35982046,380730306,Odell Beckham Jr,obj
35982046,36746176,THE CHAINSMOKERS,TheChainsmokers
35982046,73058561,Taj Gibson,TajGibson
35982046,281598396,Six Star Pro Nutrition,SixStarPro
35982046,16929600,NYT Magazine,NYTmag
35982046,3064465239,Michele Roberts,MRobertsNBPA
35982046,1078443955,Kelli O'Hara,kelliohara
35982046,91478624,Forbes,Forbes
35982046,326985786,Alex Abrines,alexabrines
35982046,766764875733434368,Chauncey Billups,1MrBigShot
35982046,1064042478,Tyrann Mathieu,Mathieu_Era
35982046,32875790,John Gray,RealJohnGray
35982046,281039276,ALTUZARRA,ALTUZARRASTUDIO
35982046,15485441,jimmy fallon,jimmyfallon
35982046,28096105,Montel Williams,Montel_Williams
35982046,1377685544,Hot Pilates,MyHotPilates
35982046,386244525,Carrie Underwood,carrieunderwood
35982046,707503400,RussellWestbrookCDJR,RussellWes_CDJR
35982046,87874905,Victor Oladipo,VicOladipo
35982046,1599608046,Uzi London üåé‚òÑÔ∏èüíï¬Æ,LILUZIVERT
35982046,881353142,Terence Crawford,terencecrawford
35982046,963479617,Eden Sassoon,sassEden
35982046,30205586,Adweek,Adweek
35982046,96706848,Cameron Payne,campayne
35982046,496378461,James Keefe,JimmyK3000
35982046,33823226,FLOAT,kcamp
35982046,163391054,Keilo,DJKEILO
35982046,22341233,DANIEL PATRICK,danielpatrick_
35982046,20518710,JADAKISS,Therealkiss
35982046,22657153,David Spade,DavidSpade
35982046,508778941,"O, les Tendances de L'Obs",OleMag
35982046,2886984527,NLST,NLSTUSA
35982046,90696290,Del Toro,deltoroshoes
35982046,25092574,LIVEKellyRyan,LiveKellyRyan
35982046,17919269,LA Times Education,LATeducation
35982046,32717570,Rickie Fowler,RickieFowler
35982046,72568426,VERSACE,Versace
35982046,85452649,Ed Sheeran HQ,edsheeran
35982046,164748241,Mike Mariano,MGDMariano
35982046,374239010,Ben Ewing,EwingBen
35982046,223478749,Ben Gorham,Byredo
35982046,22470995,colette,coletteparis
35982046,78021221,Armani,armani
35982046,15279429,VANITY FAIR,VanityFair
35982046,314106812,Trevon Hartfield,_thartfield
35982046,21845792,virgil abloh,virgilabloh
35982046,46172768,EA SPORTS NBA LIVE,EASPORTSNBA
35982046,16352599,VH1 Music,VH1Music
35982046,89787221,GT Captain,Tsu_Surf
35982046,71187306,carl lentz,carllentzNYC
35982046,267592240,ÓÄùDemetrius DeasonÓÄù,IAmJuiceMann
35982046,97325999,Jonathan McDaniel,Liljsback
35982046,116362700,Lil Wayne WEEZY F,LilTunechi
35982046,73180769,Mitchell & Ness,mitchell_ness
35982046,302111485,Enes FREEDOM,EnesFreedom
35982046,18313840,Mountain Dew¬Æ,MountainDew
35982046,1324516783,valorie kerivan,mommavalorie
35982046,344384150,Pitch Perfect,PitchPerfect
35982046,20221159,Jeremy Piven,jeremypiven
35982046,23860949,True Religion,TrueReligion
35982046,11856342,NBC Sports,NBCSports
35982046,43704537,Cedric Jones,cbjones98
35982046,64770337,Shawn Lynch,MoneyLynch
35982046,84708354,Heather Cox,HeatherCoxNBC
35982046,492399548,Zac Efron,ZacEfron
35982046,124777527,Kate Moss,KateAMoss
53853197,3098684113,Greenfly,greenfly
53853197,17082958,Rajasthan Royals,rajasthanroyals
53853197,1422305732796444693,Move,MoveInsoles
53853197,1689245120,Tamika Tremaglio,ttremaglioNBPA
53853197,989397451,UNCF,UNCF
53853197,2205597679,Ja‚ÄôMarrChase,Real10jayy__
53853197,923629596179943425,Jim Caldwell,JimCaldwell_NFL
53853197,1341770300367790080,ProClass TV,proclass_tv
53853197,905513847112511489,ADozenCousins,adozencousins
53853197,362044820,Pipcorn,Pipsnacks
53853197,1715229973,Me & the Bees Lemonade | Mikaila Ulmer,MikailasBees
53853197,479232964,Rafael Ilishayev,Rafaelilishayev
53853197,278758337,Kyler Murray,K1
53853197,798589947687026688,Koia,Drinkkoia
53853197,1322240411386085376,DIBBS | The Collectible Marketplace,dibbs_io
53853197,1405015573776388098,Aaron P,aaron_powe11
53853197,1103518614982819840,Ted Lasso,TedLasso
53853197,123479689,Jerry Stackhouse,jerrystackhouse
53853197,1324283558,Echo,ECCO2K
53853197,343538442,Aim Nothyng,BladeeCity
53853197,1009934760,Sabrina Ionescu,sabrina_i20
53853197,3050707454,≈åURA,ouraring
53853197,2790401035,Bloomberg Media,BBGMedia
53853197,252751061,Bloomberg Quicktake,Quicktake
53853197,125408809,JAE CROWDER,CJC9BOSS
53853197,153005296,NCCU Men's Basketball,NCCU_MBB
53853197,122480273,SOUR PATCH KIDS,SourPatchKids
53853197,707549284,Gopuff,gopuff
53853197,3033098871,Andscape,andscape
53853197,1280558420987437057,Ohh Dip!!! Productions,ohhdip
53853197,773280684173463552,NaomiOsakaÂ§ßÂùÇ„Å™„Åä„Åø,naomiosaka
53853197,1094013898951278593,Knowable - Listen. Learn. Level up.,knowablefyi
53853197,25319414,NBA TV,NBATV
53853197,237073728,Book,DevinBook
53853197,15896350,Election Protection,866OURVOTE
53853197,21308157,Nat'l Urban League,NatUrbanLeague
53853197,512613427,Russell Wilson,DangeRussWilson
53853197,246519126,HBCU Buzz,HBCUBuzz
53853197,22650211,Good Morning America,GMA
53853197,3184000707,Jamal Murray,BeMore27
53853197,151967576,Ben Crump,AttorneyCrump
53853197,19058681,ashton kutcher,aplusk
53853197,701512344,HBCU Gameday,HBCUGameday
53853197,303361757,Kyle Lierman,Kyle_Lierman
53853197,34326520,Tamera Young,tyoung11
53853197,22178780,NBA on TNT,NBAonTNT
53853197,19923144,NBA,NBA
53853197,3108351,The Wall Street Journal,WSJ
53853197,4898091,Financial Times,FinancialTimes
53853197,5988062,The Economist,TheEconomist
53853197,34713362,Bloomberg,business
53853197,807095,The New York Times,nytimes
53853197,16686144,New York Times Opinion,nytopinion
53853197,301679710,WNBPA,TheWNBPA
53853197,1274712783678877698,Social Change Fund United,Socialchangefnd
53853197,1232425148151668736,Brogdon Family Foundation,BrogdonFamFnd
53853197,1275824260091719682,Malcolm Brogdon,MalcolmBrogdon7
53853197,3064465239,Michele Roberts,MRobertsNBPA
53853197,25015718,Tobias Harris,tobias31
53853197,107146095,Major League Soccer,MLS
53853197,1052578201883435008,MK,MakurMaker
53853197,33781711,Tricia Rose,ProfTriciaRose
53853197,17525171,Variety,Variety
53853197,713591899,Alexandria Quigley,alliequigley
53853197,300392950,Twitter Sports,TwitterSports
53853197,783214,Twitter,Twitter
53853197,1235729033985429504,PlayersTV,ThePlayersTV
53853197,409486555,Michelle Obama,MichelleObama
53853197,2349596755,Arklahoma Meyer,the_OG_crazy_Al
53853197,460116210,Luka Doncic,luka7doncic
53853197,2949958191,Luguentz Dort üá≠üáπ,luthebeast
53853197,67358777,Businessweek,BW
53853197,17159397,WNBA,WNBA
53853197,37774152,Kareem Abdul-Jabbar,kaj33
53853197,126383762,NBA Cares,nbacares
53853197,20752841,John Roy,John_Roy
53853197,58598187,Tyler Perry,tylerperry
53853197,2873604528,Shai Gilgeous-Alexander,shaiglalex
53853197,52487302,North Carolina A&T,ncatsuaggies
53853197,17198884,Rapsody,rapsody
53853197,277163970,Samuel Umtiti,samumtiti
53853197,950341134,Antoine Griezmann,AntoGriezmann
53853197,224223563,Gerard Piqu√©,3gerardpique
53853197,59297233,Mike Conley,mconley11
53853197,2207741082,WTRMLN WTR,WTRMLNWTR
53853197,1151110233072328704,club61leaders,club61leaders
53853197,183477238,Laureus USA,Laureus_USA
53853197,3051555746,whitecoby2,CobyWhite
53853197,28349128,Golf Channel,GolfChannel
53853197,179205995,Gary Woodland,GaryWoodland
53853197,3063032281,Chris Hemsworth,chrishemsworth
53853197,2167600776,TBT,thetournament
53853197,950437238,Spalding,Spalding
53853197,961286788865081346,MGM Television,MGMTelevision
53853197,47635525,Kyle Korver,KyleKorver
53853197,956303549704515584,PlayMakeHer,PlayMakeHer
53853197,1108746075228303365,The Showdown,TheShowdownGolf
53853197,374858898,Ray Young,rayfordyoung
53853197,990016911550402561,LeagueFits,leaguefits
53853197,242982376,GARY PAYTON,GaryPayton
2279776304,40148479,WhatsApp,WhatsApp
2279776304,4532745143,Alexandros Antetokounmpo,alex_ante34
2279776304,945345171440455680,Veronica Antetokounmpo,veronica_ante34
2279776304,345097591,Mariah Danae,mariahdanae15
2279776304,2328804703,Kostas Antetokounmpo,Kostas_ante13
2279776304,1059194370,Kobe Bryant,kobebryant
2279776304,334629775,T. Antetokounmpo,Thanasis_ante43
267425142,700198687,skye‚ú®,cierra_walker13
267425142,14329392,Aaron Grossman,aarongrossman6
267425142,1458674295559757825,Gary Payton II,Garydwayne
267425142,190123181,Christian Watford,Cwat205
267425142,87240960,Phil Jones,PhilJonesNFL
267425142,128102424,‚ôõChandler Jones,chanjones55
267425142,16920288,BORIVASCO,BORIVASCO
267425142,2408131567,Davante Adams,tae15adams
267425142,2399027815,CJ,EllebyCj
267425142,318095329,Josh Hart,joshhart
267425142,38026892,Joe Ingles,Joeingles7
267425142,126458229,Gary Harris,thats_G_
267425142,133089824,Tina Charles,tinacharles31
267425142,60063559,Sydney Carter,Sydney_Rene
267425142,1409798257,BTS_official,bts_bighit
267425142,335141638,Î∞©ÌÉÑÏÜåÎÖÑÎã®,BTS_twt
267425142,117828640,Alycia Baumgardner,alyciambaum
267425142,32162056,Sibley Scoles,Sib_Vicious
267425142,141664648,John Cena,JohnCena
267425142,95912947,Khadija‚ú®,kdplus_3
267425142,134867394,Courtney Vandersloot,Sloot22
267425142,290875975,stefanie dolson,bigmamastef
267425142,49549558,Kahleah Copper,kahleahcopper
267425142,1422305732796444693,Move,MoveInsoles
267425142,16398246,dewayne hankins,DewayneHankins
267425142,19238073,CC Sabathia,CC_Sabathia
267425142,30074516,Chris Mannix,SIChrisMannix
267425142,107188682,BARS ON I-95,BARSONI95
267425142,436208978,Dana Evans,Danaaakianaaa
267425142,1196585281,Jobeth Devera,JobethDeveraTV
267425142,1151528983282049024,Mariah The Scientist,MariahScientist
267425142,1256375747104497664,Jamie_themiracle_mitchell,JamieThemiracle
267425142,59592498,APRIL SHOWERS‚õà‚òîÔ∏èüå¶,tobilou
267425142,198736760,Brittany Falkers,BrittanyFalkers
267425142,2516695237,Ava Miles,Avagracemiles
267425142,1045469362352664577,Ruff Customs.,RuffCustoms
267425142,171762903,Antonito,aespinal21
267425142,66178275,Ashley Nicole Moss,AshNicoleMoss
267425142,908760933358477312,NBA 2K Mobile,NBA2KMobile
267425142,317370751,A11Even,KyrieIrving
267425142,2936523216,Matteo Woods,onlymatteowoods
267425142,1308807467934134274,Brandon Moore,ChiPatriot773
267425142,1202299458333097986,MILLION $ WORTH OF GAME,mworthofgame
267425142,278221495,Nikki McCray,NikkiMccray15
267425142,1884521713,JHardy,JadenHardy1
267425142,811761399647059968,Greg Brown,gb3elite
267425142,1113488270720229377,Andraya Carter,Andraya_Carter
267425142,72362869,Jordan Clarkson,JordanClarksons
267425142,191165672,Larry Nance Jr,Larrydn22
267425142,37212795,Blxst,BLXST
267425142,19298472,Ibrahim H.,KingOfQueenz
267425142,166747718,T,tylerthecreator
267425142,314030918,Khalil Kain,KhalilKain
267425142,29641469,ChadinPortland üéô,ChadinRipCity
267425142,4700775859,Corey Kispert,corey_kispert
267425142,747694509035753472,Gabe Nnamdi Vincent,iamgabevincent2
267425142,2363759474,Abs,abbylynneickert
267425142,555653709,13am Adebayoüí•,Bam1of1
267425142,1309143127,Jason Dumas,JDumasReports
267425142,19197110,106 KMEL,106KMEL
267425142,21870081,Team USA,TeamUSA
267425142,37041552,Maria Taylor,MariaTaylor
267425142,3353240464,Immanuel Jaylen Quickley,IQ_GodSon
267425142,1546561830,pascal siakam,pskills43
267425142,3240013556,Vernon Maxwell,VernonMaxwell11
267425142,2645857315,Tyler Johnson,Pusha650
267425142,187275647,Respectfully Justin,JustinLaboy
267425142,1529655720,Ochai Agbaji,youngoch
267425142,2545680959,DIGGS,stefondiggs
267425142,2366220337,noah david,white_dave
267425142,18883414,dawnstaley,dawnstaley
267425142,750833154089447429,Bridget Chavez,BridgetChavezTV
267425142,2826500485,Lionel Hollins,LionelHollins14
267425142,136165096,Paige VanZant,paigevanzant
267425142,145107843,Mike Trout,MikeTrout
267425142,295906573,Shake,SniperShake
267425142,299242570,Eric Gordon,TheofficialEG10
267425142,39305801,Bert Kolde,bertk
267425142,57516454,Daniel Cormier,dc_mma
267425142,278758337,Kyler Murray,K1
267425142,1366226905272373248,Earl The Pearl Monroe,RealEarlMonroe
267425142,2251142449,Modelo USA,ModeloUSA
267425142,98918086,Wes Lee,WesLee_WWE
267425142,861644144728342528,Oakland Roots,oaklandrootssc
267425142,42487875,P-REALA,TheHarlemHotBoy
267425142,25726723,Bridget,Bridget
267425142,1034198922888007680,Space Jam: A New Legacy,spacejammovie
267425142,546025819,R.HollisJefferson,IAmCHAP24
267425142,926449165915312128,BATTLE RAP‚ÄôS WOJ,LTBRpodcast
267425142,81947940,Yesjulz,YesJulz
267425142,42296641,Max Holloway,BlessedMMA
267425142,412116759,TISSOT,TISSOT
267425142,2655912266,Kimmyann,kimmyann1111
267425142,488662829,Shaquil Barrett,ShaquilBarrett
267425142,105422165,solange stan account,RexxLifeRaj
267425142,93129160,nick wright,getnickwright
267425142,290110017,Mike Evans,MikeEvans13_
267425142,24329353,blakej.eth üí≠,blakejamieson
267425142,946213559213555712,OpenSea,opensea
267425142,2985157909,GrowYourBase,growyourbase_
2842841126,61642247,Jack Harlow,jackharlow
2842841126,1342662080,The Circuit,TheCircuit
2842841126,1708477070,brady manek,BradyManek
2842841126,1539322932,Brent Venables,CoachVenables
2842841126,2157497975,Lamar Jackson,Lj_era8
2842841126,380730306,Odell Beckham Jr,obj
2842841126,1063034450,Ben Simmons,BenSimmons25
2842841126,35936474,Kevin Durant,KDTrey5
2842841126,17915334,Sean Don,BigSean
2842841126,419181069,Jaylen Brown,FCHWPO
2842841126,37922674,solomon hill,solohill
2842841126,259925559,Novak Djokovic,DjokerNole
2842841126,1129909087968387073,Skylar Mays,skylarmays4
2842841126,3323463010,Sharife Cooper,SharifeCooper
2842841126,1351759713982050306,ChloÃàe,ChloeBailey
2842841126,62203990,Lou Williams,TeamLou23
2842841126,27348403,Elle Duncan,elleduncanESPN
2842841126,2379200053,Malika Andrews,malika_andrews
2842841126,23632429,Rich Paul,RichPaul4
2842841126,326926027,Ben Stinar,BenStinar
2842841126,755520120,Zamst,Zamst_us
2842841126,189801036,Swae Lee Lee Swae,SwaeLee
2842841126,42384760,Carmelo Anthony,carmeloanthony
2842841126,305967569,Mark Phillips,SupremeDreams_1
2842841126,1037209419950505985,Team Trae Young,teamtraeyoungmb
2842841126,66115186,Alex Bazzell,alexbazzell
2842841126,889153467578798080,Anthony Edwards,theantedwards_
2842841126,71339449,Ric Flair¬Æ,RicFlairNatrBoy
2842841126,267425142,Damian Lillard,Dame_Lillard
2842841126,4068844265,Brandon Goodwin,goodysav
2842841126,2385272859,Bogdan Bogdanovic,LeaderOfHorde
2842841126,1496970942,Onyeka Okongwu,BigO21_
2842841126,42562446,Stephen Curry,StephenCurry30
2842841126,399618678,Jake Rudd,JakeRudd12
2842841126,3277891994,Josiah Johnson,KingJosiah54
2842841126,27698202,Richard Sherman,RSherman_25
2842841126,245013395,A'ja Wilson,_ajawilson22
2842841126,1057651396839960577,Keeley Parks,KeeleyParks04
2842841126,18915240,Jalen Rose,JalenRose
2842841126,850502016178692097,Spencer Rattler,SpencerRattler
2842841126,1250732774,Taylor Rooks,TaylorRooks
2842841126,742422236586508288,Kennedy Chandler,KChandler_1
2842841126,1064042478,Tyrann Mathieu,Mathieu_Era
2842841126,800298303644581888,H O L L Y W O O D üõ¨,ChennedyCarter
2842841126,18676369,Joe Budden,JoeBudden
2842841126,340596866,BODYARMOR,DrinkBODYARMOR
2842841126,4764672385,Josh Jacobs,iAM_JoshJacobs
2842841126,725897344357519360,George Kittle,gkittle46
2842841126,766170493,RJ,RjFuqua
2842841126,249001367,Dewayne Dedmon,d_dedmon3
2842841126,217160945,Kevin Love,kevinlove
2842841126,168648095,MOKAN Basketball,MokanBasketball
2842841126,37041552,Maria Taylor,MariaTaylor
2842841126,1248299699083382785,Winston Nelson,winstonmnelson
2842841126,320758559,Jarred Vanderbilt,JVando
2842841126,5768872,Gary Vaynerchuk,garyvee
2842841126,353178677,Patrick Mahomes II,PatrickMahomes
2842841126,216533096,Todd Gurley II,TG3II
2842841126,1596720342,Clint Capela,CapelaClint
2842841126,174533632,Dez Bryant,DezBryant
2842841126,3165563219,Ja Morant,JaMorant
2842841126,64571585,THE VOICE,lildurk
2842841126,428377986,OFFSET,OffsetYRN
2842841126,360366171,Lauren Chamberlain,LChamberlain44
2842841126,2765267240,Famouslos32,famouslos32
2842841126,47506568,DeAndre Jordan üê∫,DeAndre
2842841126,374858898,Ray Young,rayfordyoung
2842841126,496635899,Caleb Wilson,calebwilson
2842841126,791320933914939392,Jason Williams,55buckets
2842841126,2379056251,Overtime,overtime
2842841126,91133460,Evan Turner,thekidet
2842841126,739921296,Justin Anderson,JusAnderson1
2842841126,3040187170,Josh Crutchfield,KingCrutch25
2842841126,328675558,Irv Roland,irv_roland
2842841126,51597791,Maurice Edu,MauriceEdu
2842841126,441129326,adidas Basketball,adidasHoops
2842841126,2232111613,Dominique Wilkins üèÄ,DWilkins21
2842841126,1977157224,Saquon Barkley,saquon
2842841126,433936000,Allonzo Trier,ISO_ZO
2842841126,21056862,Baron Davis,BaronDavis
2842841126,170424259,Jeremy Lin,JLin7
2842841126,766764875733434368,Chauncey Billups,1MrBigShot
2842841126,179149890,Jason Kidd,RealJasonKidd
2842841126,278758337,Kyler Murray,K1
2842841126,241204643,MichaelRapaport,MichaelRapaport
2842841126,19923144,NBA,NBA
2842841126,17292143,Atlanta Hawks,ATLHawks
2842841126,51943235,Rashad Phillips,RP3natural
2842841126,171485965,grant hill,realgranthill33
2842841126,460116210,Luka Doncic,luka7doncic
2842841126,1059194370,Kobe Bryant,kobebryant
2842841126,28574769,Doris Burke,heydb
2842841126,2940825399,CALVIN RIDLEY,CalvinRidley1
2842841126,381648806,QuavoYRN,QuavoStuntin
2842841126,248484157,spooky g üëª,gabbywilliams15
2842841126,129276385,Gerald McCoy,Geraldini93
2842841126,237159396,Brittney Elenaüíñ,BrittneyElena_
2842841126,50323173,Adrian Wojnarowski,wojespn
2842841126,1553895072,Melo,MELOD1P
2842841126,1705128697,Stacey King,Stacey21King
237073728,79876282,Ishmail C. Wainright üòÅ,Wainright24
237073728,1232718849868304384,JJ Redick,jj_redick
237073728,231992478,NYSL Crimsix,Crimsix
237073728,14604870,NYSL Clayster,Clayster
237073728,317370751,A11Even,KyrieIrving
237073728,153307097,Bradley Beal,RealDealBeal23
237073728,3834430036,Deandre Ayton,DeandreAyton
237073728,1489709312,FaZe JSmooth,JSmooth
237073728,5885732,Nike Basketball,nikebasketball
237073728,39288259,Larry Fitzgerald,LarryFitzgerald
237073728,1316808678897455105,LA Thieves,LAThieves
237073728,875946799,GREENDOZE (KCP),_GREENDOZE
237073728,53853197,Chris Paul,CP3
237073728,125408809,JAE CROWDER,CJC9BOSS
237073728,157140968,Kendall,KendallJenner
237073728,42559115,Josh Miller,joshm
237073728,14063426,PGA TOUR,PGATOUR
237073728,66629039,Ian Wyatt,Enable
237073728,418147815,Sym,Symfuhny
237073728,252791673,Jordan Kaplan,JKap415
237073728,2559865245,Tfue,Tfue
237073728,995979576,timthetatmanüëë,timthetatman
237073728,725131849,FaZe Swagg,Swagg
237073728,915290000,drewkacmarcik.eth,drewkacmarcik
237073728,1674790068,ETRAIN üöÇ,ETRAiiN
237073728,128418853,EARTHGANG #GHETTOGODS OUT NOW!,EarthGang
237073728,1009934760,Sabrina Ionescu,sabrina_i20
237073728,284422688,Hutch üíôüíõ,hutchinson
237073728,272570677,OpTic Scump,scump
237073728,3353240464,Immanuel Jaylen Quickley,IQ_GodSon
237073728,753792894486675457,JJJ,jarenjacksonjr
237073728,91105535,OpTic Di3seL,Di3seL_
237073728,90779436,OpTic HECZ,H3CZ
237073728,246596682,Jack ‚ÄúCouRage‚Äù Dunlop,CouRageJD
237073728,720303639277928448,100 Thieves,100Thieves
237073728,20416406,Steve Nash,SteveNash
237073728,4767225325,cloakzy,cloakzy
237073728,363811679,FaZe Banks,Banks
237073728,1105604004,AMP Agent ‚ö°,CallMeAgent00
237073728,278758337,Kyler Murray,K1
237073728,174533632,Dez Bryant,DezBryant
237073728,380730306,Odell Beckham Jr,obj
237073728,146556805,Dr Disrespect,DrDisrespect
237073728,18829050,Bas,Bas
237073728,18469768,omen,omen
237073728,31451582,Ricky Rubio,rickyrubio9
237073728,912318708734922754,Elie Okobo,ElieOkobo_0
237073728,3165563219,Ja Morant,JaMorant
237073728,377723724,üèÅ Jamal Crawford,JCrossover
237073728,111223220,Alexis Morgan,alexismorgan
237073728,29779226,Phoenix Mercury,PhoenixMercury
237073728,1977157224,Saquon Barkley,saquon
237073728,994335752312979463,Mikal Bridges,mikal_bridges
237073728,112555960,Joe Haden,joehaden23
237073728,267425142,Damian Lillard,Dame_Lillard
237073728,2412019869,Josh Jackson,j_josh11
237073728,4729542822,Jalen Ramsey,jalenramsey
237073728,733170759829327874,JuJu Smith-Schuster,TeamJuJu
237073728,311623066,Dennis Smith Jr.,Dennis1SmithJr
237073728,19298472,Ibrahim H.,KingOfQueenz
237073728,369682039,Davon Reed,ClutchREED_5
237073728,522704732,Ezekiel Elliott,EzekielElliott
237073728,131948686,JJ Watt,JJWatt
237073728,151739682,FaZe Temperrr,Temperrr
237073728,72961879,Kristen Ledlow,KristenLedlow
237073728,2352361094,Tyler Herro,raf_tyler
237073728,244441120,FaZe Apex,FaZeApex
237073728,175198393,C.V Thomas,lilyachty
237073728,488026266,Donovan Mitchell,spidadmitchell
237073728,1497087510,Jay Gaspar,PHXJGaspar
237073728,2952137993,Derrick Jones Jr.,TheRea1DJones
237073728,137260976,Travis Bennett,MrTravisBennett
237073728,552289108,Malik Monk,AhmadMonk
237073728,788968447682240512,Tee Grizzley,TeeGrizzley
237073728,405205681,Zach LaVine,ZachLaVine
237073728,4890418741,De'Aaron Fox,swipathefox
237073728,319422496,BCASXO‚ö°Ô∏èüì∏¬Æ‚ö°Ô∏è,BCASX0
237073728,164447979,Archie Bradley,ArchieBradley7
237073728,84353161,Michael Vick,MichaelVick
237073728,243033731,Billy Hamilton,BillyHamilton
237073728,19382500,SoleCollector.com,SoleCollector
237073728,321459483,FaZe Rain,FaZe_Rain
237073728,735520507,Rug,FaZeRug
237073728,3197063113,Shareef O‚ÄôNeal,SSJreef
237073728,52712735,Jordan Schultz,Schultz_Report
237073728,1059194370,Kobe Bryant,kobebryant
237073728,34457132,Andrew Rogers,Andrew_Rogers_
237073728,68909267,Futuristic‚Ñ¢,OnlyFuturistic
237073728,173677727,Simone Biles,Simone_Biles
237073728,64571585,THE VOICE,lildurk
237073728,2765267240,Famouslos32,famouslos32
237073728,161418822,100T Nadeshot,Nadeshot
237073728,247901736,Leandro Barbosa,TheBlurBarbosa
237073728,27649623,Marc J. Spears,MarcJSpears
237073728,277161300,Patrick Peterson /P2,P2
237073728,560489253,Jordan McRae,JordyMac52
237073728,54438929,Jared Dudley,JaredDudley619
237073728,1039001280,Marquese Chriss,quese
237073728,77115378,Tyler Ennis,TylerEnnis
237073728,140318601,John Jenkins,JohnnyCashVU23
405205681,1363808136872755203,Klarna News,KlarnaNews
405205681,390361409,Dos,AyoDos_11
405205681,234661277,Alfonzo McKinnie,_Alvo_
405205681,1705128697,Stacey King,Stacey21King
405205681,909102066,Lonzo Ball,ZO2_
405205681,2464343990,Los üçá,LosPollosTV
405205681,23083404,LeBron James,KingJames
405205681,848666563,Klutch Sports Group,KlutchSports
405205681,321488707,Jay Wright,VUCoachJWright
405205681,1414695963248238602,Innovate Sports,innovatesports
405205681,17049258,USA Basketball,usabasketball
405205681,258044924,Blake Snell,snellzilla4
405205681,614127319,Troy Brown Jr,Troy_Brown33
405205681,4044682379,Daniel Theis,dtheis10
405205681,2239445641,Javonte Green,2Xtremebounce
405205681,2423100775,Nikola Vucevic,NikolaVucevic
405205681,2379056251,Overtime,overtime
405205681,43658360,DeMar DeRozan,DeMar_DeRozan
405205681,320519342,Frank Thomas,TheBigHurt_35
405205681,144546283,Seven,TimAnderson7
405205681,2271284180,Derek Carr,derekcarrqb
405205681,4764672385,Josh Jacobs,iAM_JoshJacobs
405205681,961240824,Ryan Arcidiacono,RyArch15
405205681,2276925091,XSET Barton,Bartonologist
405205681,146556805,Dr Disrespect,DrDisrespect
405205681,214201922,Ninja,Ninja
405205681,318095329,Josh Hart,joshhart
405205681,252387079,Finicki,FinickiTV
405205681,722256951275446272,Rotary Hoops,rotaryhoops
405205681,488026266,Donovan Mitchell,spidadmitchell
405205681,1234015050,Kevin Garnett,KevinGarnett5KG
405205681,262172582,Tony Allen,aa000G9
405205681,327061952,Jordan Lawley,JLawbball
405205681,756825420,Tomas Satoransky,satoransky
405205681,880265836342124544,Clint Parks,ClintParks05
405205681,78476520,Wendler,Wendler34
405205681,36431303,DeeJ,DJDague
405205681,3031177421,True Vanguard,TheTrueVanguard
405205681,449331847,daeshon hall,DaeshonHall
405205681,31065027,Vincent Goodwill,VinceGoodwill
405205681,336151137,Mitchell Trubisky,Mtrubisky10
405205681,939649533243482112,Camryn Lavine,CamrynLavine7
405205681,294380360,Bobby BP Portis,BPortistime
405205681,74518740,NBA on ESPN,ESPNNBA
405205681,381217568,AB,blakeney96
405205681,263465785,Langston Galloway,LangGalloway10
405205681,17106279,K.C. Johnson,KCJHoop
405205681,48028402,Robin Lopez,rolopez42
405205681,56840620,Felicio,IamFelicio
405205681,935323794,Lauri Markkanen,MarkkanenLauri
405205681,21112249,chuck swirsky,ctsbulls
405205681,16212685,Chicago Bulls,chicagobulls
405205681,237073728,Book,DevinBook
405205681,26053643,Jimmy Kimmel,jimmykimmel
405205681,808483394325659649,Perri‚Äôon Callandret,Perriontf
405205681,64571585,THE VOICE,lildurk
405205681,3900996910,Douglas Christie,TheDougChristie
405205681,16332223,Las Vegas Raiders,Raiders
405205681,3695411717,Nemanja Bjelica,NemanjaBjelica
405205681,419607094,Mike Scott,0michaelyn
405205681,3064465239,Michele Roberts,MRobertsNBPA
405205681,145107843,Mike Trout,MikeTrout
405205681,2539343499,MONTANAof300,MONTANAof300
405205681,3105279798,Jr. NBA,jrnba
405205681,84353161,Michael Vick,MichaelVick
405205681,41514775,Jameer Nelson,jameernelson
405205681,30918702,Starkey Hearing Foundation,starkeyfnd
405205681,1358510274,Gorgui Dieng,GorguiDieng
405205681,38688377,Bobby Wagner,Bwagz
405205681,73495696,Karl-Anthony Towns,KarlTowns
405205681,939698184,Julius Dr J Erving,JuliusErving
405205681,393722870,Tyus Jones,1Tyus
405205681,204079463,SK,SeanKilpatrick
405205681,132389474,John Wall,JohnWall
405205681,3027199236,Lorenzo Brown,Zo_Brown
405205681,22178780,NBA on TNT,NBAonTNT
405205681,24719760,DJ CLUE,DJCLUE
405205681,246560796,Anthony Barr,AnthonyBarr
405205681,34430522,Blake Griffin,blakegriffin23
405205681,27698202,Richard Sherman,RSherman_25
405205681,1836381127,Ronnie Lott,RonnieLottHOF
405205681,28004749,Steve Smith,steve21smith
405205681,54575503,Mo Williams,mowilliams
405205681,2851414584,Angie,angiecarter143
405205681,1373313666,NBA.com,NBAcom
405205681,31451582,Ricky Rubio,rickyrubio9
405205681,123479689,Jerry Stackhouse,jerrystackhouse
405205681,45605747,Maurice Jones-Drew,MJD
405205681,22601929,Rick Fox,RickFox
405205681,30465594,"Jason ""The Jet"" Terry",jasonterry31
405205681,54780126,Thad Young,yungsmoove21
405205681,35129454,Justin Dentmon,JustinDentmon
405205681,21056862,Baron Davis,BaronDavis
405205681,25319414,NBA TV,NBATV
405205681,313441661,Glenn Robinson III,GRIII
405205681,14608893,InsideHoops.com,InsideHoops
405205681,126383762,NBA Cares,nbacares
405205681,2575671198,Clarence Carter III ü¶Öüíº,dreamcarter26
405205681,1431347161,Daejon Davis,DaejonDavis
405205681,27108390,Roger Mason Jr,MoneyMase
42562446,1051943691181613056,Antonin,antonin_org
42562446,1347530194056323073,June79 NYC,June79NYC
42562446,238394685,TELFAR,TELFARGLOBAL
42562446,1595364392,Tendai Mtawarira,Beast_TM
42562446,1004804740105035777,When We All Vote,WhenWeAllVote
42562446,15970050,Simon Sinek,simonsinek
42562446,242785840,UConn Women‚Äôs Basketball,UConnWBB
42562446,1429480158,BamBam,BamBam1A
42562446,1472195375373168641,The 2974 Collection,2974Collection
42562446,863381031096901632,MILAYSIA FULWILEY,MilaysiaF
42562446,1417612919366377472,Brandon Jennings,Tuff__Crowd
42562446,32439603,Mellody Hobson,MellodyHobson
42562446,623306247,Dr Tiffany Crutcher,TiffanyCrutcher
42562446,18364230,Prop,prophiphop
42562446,289888727,Mardy Fish,MardyFish
42562446,1069729272959561729,fredcouplesgolf,fredcouplesgolf
42562446,887748030304329728,The Crypto Dogü´ê,TheCryptoDog
42562446,1401650815975178240,ùóûùó¢ùó°ùóöùó¶ùó¨‚ö°Ô∏èüéà,KONGSYx
42562446,1415760166667145227,VincentVanDough,Vince_Van_Dough
42562446,3983151149,FTX (formerly Blockfolio),ftx_app
42562446,1852644804,Khalid,thegreatkhalid
42562446,16689451,Justin Taylor,TheSmarmyBum
42562446,1381699264011771906,Bored Ape Yacht Club,BoredApeYC
42562446,899613012851654656,Nandi Bushell,Nandi_Bushell
42562446,1277391532505681921,Joey,Underrated_Joey
42562446,7537712,immad,immad
42562446,1087895892055646209,unanimousmedia,unanimousmedia
42562446,172580748,Freezing Cold Takes,OldTakesExposed
42562446,16810559,Chuck Robbins,ChuckRobbins
42562446,3323463010,Sharife Cooper,SharifeCooper
42562446,800935000896053248,Moses,mosesmoody
42562446,15934076,quinta brunson,quintabrunson
42562446,1262499508778414081,Howard Golf,HUBison_Golf
42562446,51320411,Jordan Ramirez,JRAM
42562446,36107429,Rich Scudellari,richscudellari
42562446,49896662,David Woodland üå¥,DavidSven
42562446,1330620608946716673,Penny Jar Capital,pennyjar
42562446,14066006,Byron Deeter,bdeeter
42562446,208045828,Syndio,syndioinc
42562446,3277891994,Josiah Johnson,KingJosiah54
42562446,2669093508,Wayne A. I. Frederick,HUPrez17
42562446,176309920,ADIA BARNES COPPA üêª‚¨áÔ∏èüåµüë®‚Äçüë®‚Äçüëß‚Äçüë¶‚ù§Ô∏èüíô,AdiaBarnes
42562446,2379200053,Malika Andrews,malika_andrews
42562446,213530043,Chiney Ogwumike,chiney
42562446,1638756846,Sue Bird,S10Bird
42562446,23654421,Gary Levox,GaryLevox
42562446,248462774,Tamika D. Mallory,TamikaDMallory
42562446,14301922,Tonal,tonal
42562446,4542591132,Sedona Prince,sedonaprince_
42562446,964712584782991360,Caleb Foster,iamcalebfoster
42562446,1367322109,Darius Garland,dariusgarland22
42562446,1053859683176509440,Bryce Cash,BryceCash6
42562446,48176112,Patrick Mills,Patty_Mills
42562446,153307097,Bradley Beal,RealDealBeal23
42562446,2569743630,Amanda Gorman,TheAmandaGorman
42562446,42535683,Wes Moore for Maryland Governor,iamwesmoore
42562446,36743910,Cornel West,CornelWest
42562446,519208523,Gus Johnson,gusjohnson
42562446,269442830,Tim Roye,warriorsvox
42562446,4662969794,Arne Duncan,arneduncan
42562446,961273855,Davidson Alumni,DavidsonAlums
42562446,239103376,Emmanuel Acho,EmmanuelAcho
42562446,2468712126,Squire Technologies,getsquire
42562446,1194992333676306432,Patrik Frisk,PatrikFrisk
42562446,43965146,Fred Hammond,RealFredHammond
42562446,838952552351821825,Brian Anderson,BAndersonPxP
42562446,3022889996,Hoop Central,TheHoopCentral
42562446,146597870,Caron Butler,realtuffjuice
42562446,178580925,Shams Charania,ShamsCharania
42562446,187332522,Brad Wanamaker,phillybul_22
42562446,180535644,Eddie S. Glaude Jr.,esglaude
42562446,99208535,Damion Lee,Dami0nLee
42562446,3010579813,Ryan Smith,RyanQualtrics
42562446,50393960,Bill Gates,BillGates
42562446,37041552,Maria Taylor,MariaTaylor
42562446,2842841126,Trae Young,TheTraeYoung
42562446,1256066229644615680,K.C. Rivers,kcriv3rs
42562446,21636048,zander lurie,zlurie
42562446,1003799324189290496,Step,step
42562446,73206956,Jos√© Andr√©s,chefjoseandres
42562446,193602107,Carl Jones,iamcarljones
42562446,18948541,Seth MacFarlane,SethMacFarlane
42562446,138785302,Jenelle Lindsay,lindsayju
42562446,4286022627,Kery Davis,HowardAD_KD
42562446,400921165,Sam Puryear,coachp13
42562446,774325168122437632,Literati,literati
42562446,22330739,Marc Benioff,Benioff
42562446,97630019,Van Lathan Jr,VanLathan
42562446,35586563,Jemele Hill,jemelehill
42562446,939091,Joe Biden,JoeBiden
42562446,4885277053,Daily Stoic,dailystoic
42562446,3764301,Ryan Holiday,RyanHoliday
42562446,30354991,Kamala Harris,KamalaHarris
42562446,21028640,CJ MacDonald,CJMacDonald
42562446,331813832,Deron Williams,DeronWilliams
42562446,81911457,Hilary Awad,awhilary
42562446,2883252591,Jamie skeen,Skeen21
42562446,70281455,Devin | Allen,byDVNLLN
42562446,29417304,deray,deray
42562446,290875975,stefanie dolson,bigmamastef
1703636814,16242081,benahorowitz.eth,bhorowitz
1703636814,324703658,Rex Chapmanüèáüèº,RexChapman
1703636814,922918128543289349,Juan Toscano Anderson,juanonjuan10
1703636814,207723015,Eric Paschall,epaschall
1703636814,2927379996,London Breed,LondonBreed
1703636814,210133397,WSU Cougar Women's üèÄ,WSUCougarWBB
1703636814,99208535,Damion Lee,Dami0nLee
1703636814,132752344,DeMarcus Cousins,boogiecousins
1703636814,92903456,CJ McCollum,CJMcCollum
1703636814,912359571947085824,TheBillRussell,RealBillRussell
1703636814,5252591,Bill Gurley,bgurley
1703636814,22225659,Kay she/her,CaSouthernBell
1703636814,1684946220,Damian Jones,dameology
1703636814,162281048,Briante Weber,Sir_deuce2
1703636814,35936474,Kevin Durant,KDTrey5
1703636814,113453136,brett simpson,BrettSimpo
1703636814,36289217,Ace,richkleiman
1703636814,277608731,Rick Welts,RickWelts
1703636814,105305397,Ian Clark,IanClark
1703636814,253661414,Jeshua Anderson,JeshuaAnderson
1703636814,24838521,Javale PIERRE 3Xs McGee,JaValeMcGee
1703636814,353990363,LeGarrette Blount,LG_Blount
1703636814,262900144,Wasserman,Wasserman
1703636814,480538809,Drew Bledsoe,DrewBledsoe
1703636814,15914779,Sudi üíî,IAMSU
1703636814,60738550,BA$HMOP OBAMA,K00LJ0HN
1703636814,168374159,Misty Copeland,mistyonpointe
1703636814,58309829,Nickelodeon,Nickelodeon
1703636814,2765267240,Famouslos32,famouslos32
1703636814,773574926079029248,Mychal Thompson,champagnennuts
1703636814,231306638,john john florence,johnjohnflorenc
1703636814,29360150,Zaza Pachulia,zaza27
1703636814,291388517,Joc Pederson,yungjoc650
1703636814,54989273,Tony La Russa,TonyLaRussa
1703636814,109775248,Omari Hardwick,OmariHardwick
1703636814,350020705,Zach Ertz,ZERTZ_86
1703636814,561527722,Andy Dalton,andydalton14
1703636814,38688377,Bobby Wagner,Bwagz
1703636814,95749490,Jerry Rice,JerryRice
1703636814,52422878,The Olympic Games,Olympics
1703636814,277161300,Patrick Peterson /P2,P2
1703636814,2227281840,Libby Schaaf,LibbySchaaf
1703636814,174533632,Dez Bryant,DezBryant
1703636814,3105279798,Jr. NBA,jrnba
1703636814,889276999,Malachi Flynn,malachiflynn
1703636814,226253322,Golf Today,GCGolfToday
1703636814,90483321,Ethika,ethika
1703636814,1485029462,Wheels Up,WheelsUp
1703636814,19383279,Tennessee Titans,Titans
1703636814,1282221234,Donald Penn,DPENN70
1703636814,84353161,Michael Vick,MichaelVick
1703636814,268400722,Daniel Sturridge,DanielSturridge
1703636814,604923090,Tiffany Suarez,Tiffany_Suarez3
1703636814,72610934,O‚ÄôShea Jack(Nichol)son,OsheaJacksonJr
1703636814,2148071,Daniel Brusilovsky,danielbru
1703636814,3418191012,Mitchell John Leslie üá∫üá∏üá∫üá¶,mitchjlesle
1703636814,329779577,Collin Castellaw,ShotMechanics
1703636814,18618769,Jim Ice,Jim_ICE
1703636814,3279007542,taliq davis,taliqdavis11
1703636814,19607400,Oakland A's,Athletics
1703636814,2834668686,James Michael McAdoo,jamesmcadoo
1703636814,158184001,LaMarr Woodley,LaMarrWoodley
1703636814,602884368,Boosie BadAzz,BOOSIEOFFICIAL
1703636814,17551272,Jason Thompson,jtthekid
1703636814,1692372560,Mark Knowles,knowlzee10s
1703636814,190420307,E5QUIRE,e5quire
1703636814,40571386,Aron Baynes,aronbaynes
1703636814,135249573,Rob Gronkowski,RobGronkowski
1703636814,342599843,mariogotze.eth,MarioGoetze
1703636814,40805394,LOONEY,Loon_Rebel5
1703636814,1283748854,Holger Badstuber,Badstuber
1703636814,42519612,Floyd Mayweather,FloydMayweather
1703636814,3182523662,Reginald Moore,skyblueordie
1703636814,17936793,G-Eazy,G_Eazy
1703636814,40572559,E40 Mogul Entrepreneur,E40
1703636814,1713620101,Stance Hoops,stancehoops
1703636814,150490233,Stance,stance
1703636814,340596866,BODYARMOR,DrinkBODYARMOR
1703636814,1589257088,ShotTracker,ShotTracker
1703636814,117026420,Lorenzo Neal,LorenzoNeal
1703636814,22080148,WSU Pullman,WSUPullman
1703636814,22736017,ScHoolboy Q,ScHoolboyQ
1703636814,616708518,Tre Mason,TreMason
1703636814,38100527,Danny 'Swift' Garcia,DannySwift
1703636814,21056862,Baron Davis,BaronDavis
1703636814,415605847,The Players' Tribune,PlayersTribune
1703636814,91757695,Spice 1,TheRealSpice1
1703636814,145107843,Mike Trout,MikeTrout
1703636814,330446733,Toni Kroos,ToniKroos
1703636814,124620685,Jonnie West,jonniewest4
1703636814,281270174,Lizzy Mae Early,LizzysCupOfCake
1703636814,29599598,Jamba,JambaJuice
1703636814,331283041,andre,andre
1703636814,1318989560,Justin Holiday,JustHolla7
1703636814,43989162,Ronnie 2K 2K22,Ronnie2K
1703636814,25319414,NBA TV,NBATV
1703636814,49680175,Bobby Brown,BBROWNLAU
1703636814,174520063,Buddy Love !!!!,buddyhield
1703636814,53643297,Paul George,Yg_Trece
1703636814,226257592,Kenneth Faried,KennethFaried35
43658360,1181372769679761408,Uncharted,unchartedmovie
43658360,25415670,Quentin Richardson,QRich
43658360,210974203,¬©SadaBaby‚Ñ¢,SkubaBaby
43658360,909102066,Lonzo Ball,ZO2_
43658360,2423100775,Nikola Vucevic,NikolaVucevic
43658360,34838433,Jasmine Thomas,jaszthomas
43658360,405205681,Zach LaVine,ZachLaVine
43658360,16212685,Chicago Bulls,chicagobulls
43658360,22657202,Candace Parker,Candace_Parker
43658360,3165563219,Ja Morant,JaMorant
43658360,1341770300367790080,ProClass TV,proclass_tv
43658360,94409059,Tony Gonzalez,TonyGonzalez88
43658360,57333521,espnW,espnW
43658360,1628700679,Michael Thomas,Cantguardmike
43658360,415859364,Nike,Nike
43658360,711070360133763072,Í™ë‚Öà·•¥Í´ùÍ™ñÍ´ÄÍ™∂ üåπ,Michael18___
43658360,314734443,LEO,Leo_Tweets
43658360,14708747,The Aspen Institute,AspenInstitute
43658360,25471833,Cari Champion,CariChampion
43658360,25373810,Year Up,YearUp
43658360,217160945,Kevin Love,kevinlove
43658360,15573174,NBA 2K,NBA2K
43658360,1183502828,Compton Unified,ComptonUnified
43658360,87008935,Langley Events Centre,LangleyEvents
43658360,443202788,Nike LA,NikeLA
43658360,214537859,#NBAAllStar,NBAAllStar
43658360,125880341,Dot,BdotAdot5
43658360,2765267240,Famouslos32,famouslos32
43658360,41582924,Marriott Bonvoy,MarriottBonvoy
43658360,15594846,Glasses Malone,gmalone
43658360,18381396,TOP DAWG ENT,TopDawgEnt
43658360,273532957,Bismack Biyombo,bismackbiyombo
43658360,377096882,2001 Audio Video,2001AV
43658360,1152279248,Earth Pics,EarthPix
43658360,588486669,NBA Canada,NBACanada
43658360,1589257088,ShotTracker,ShotTracker
43658360,561430822,nikelondon,nikelondon
43658360,311724571,Lupus Canada,LupusCanada
43658360,123479689,Jerry Stackhouse,jerrystackhouse
43658360,122261841,Marcus Stroman,STR0
43658360,838953102,mo üá¶üá´,mo_yaghi
43658360,950437238,Spalding,Spalding
43658360,23995342,Pizza Pizza,PizzaPizzaLtd
43658360,14580438,BlackBerry,BlackBerry
43658360,174533632,Dez Bryant,DezBryant
43658360,43989162,Ronnie 2K 2K22,Ronnie2K
43658360,506280213,HAROLD Magazine,HAROLDLUXFORMEN
43658360,248900032,Earvin Magic Johnson,MagicJohnson
43658360,201389324,HandleLife,dribble2much
43658360,301318718,NBA Philippines,NBA_Philippines
43658360,1323936524,7even,iAmSJ
43658360,2242915207,Nick Young,NickSwagyPYoung
43658360,14946967,Champs Sports,champssports
43658360,872375695,USC Men's Basketball,USC_Hoops
43658360,2227318080,Jonas Valanciunas,JValanciunas
43658360,55749605,Patrick Patterson,pdpatt
43658360,885037574,SiriusXM NBA Radio,SiriusXMNBA
43658360,19382500,SoleCollector.com,SoleCollector
43658360,165953518,STEVE NOVAK,stevenovak16
43658360,19602038,NBA Rumors,NBARUMORS
43658360,1582853809,History In Pictures,HistoryInPics
43658360,29485149,George Kiel III,GeorgeKiel3
43658360,86861385,Ru Shiesty,KASSH_MONEYYY
43658360,317360413,Shanta Woods,iamshantasmith
43658360,25041459,Niko,OVONiko
43658360,76366387,Dwight Buycks,BizzleWorld20
43658360,321099729,Bill Gluckman,gram_up_1time
43658360,1447774362,Noelle Quinn,Noey_Quinn
43658360,172556387,TJ McDonald,tmcdonaldjr
43658360,183094956,JAY-Z,JAYZclassicBars
43658360,1374923108,Datone Jones,IAM_Dat_One
43658360,334115825,Chris Smith,TheOnlyCSmith0
43658360,17929027,Wale,Wale
43658360,58691562,Wayne.F,WayneFerg
43658360,128098284,Trey Richards,Trey_Richards
43658360,40350138,Jermaine,JaeRichards
43658360,300641512,4YE Comedy,4YallEnt
43658360,134653235,Philly Cheese üßÄ,dionwaiters3
43658360,1059194370,Kobe Bryant,kobebryant
43658360,1067020626,Alan Anderson,ASqared06
43658360,16892754,Klipsch Audio,KlipschAudio
43658360,1004139090,Sonny Weems,SonnyWeems13
43658360,35329629,Pri üå¥,priinye
43658360,15097566,Nice Kicks,nicekicks
43658360,252903719,Circle App,CircIeApp
43658360,109447545,Joseph Cannon,JCannon6480
43658360,362807136,LOADED LUX,iAmLoadedLux
43658360,169005474,Dionte Christmas,Dchristmas22
43658360,58673299,JARRETT JACK,Jarrettjack03
43658360,118278993,Terry T.Miles,TMILES1
43658360,270044966,Jeff Teague,Teague0
43658360,99814274,Deon Thompson,DeThompson9
43658360,28066436,Kyle Lowry,Klow7
43658360,30245853,Quincy Acy,QuincyAcy
43658360,231335961,Terrence Ross,TerrenceRoss
43658360,555393138,Harrison Barnes,hbarnes
43658360,50323173,Adrian Wojnarowski,wojespn
43658360,267425142,Damian Lillard,Dame_Lillard
43658360,349719397,JR Smith,TheRealJRSmith
43658360,112237031,MASTER P,MasterPMiller
